{
  "schema_version": 1,
  "source": "metafor::rma.mv",
  "method": "REML",
  "fixture": "Berkey 1995 BCG vaccine (n=13)",
  "formula": "yi ~ 1 + (1 | trial)",
  "n_studies": 13,
  "beta": -0.71453236731928083,
  "se": 0.17978157964755864,
  "zval": -3.9744470413489541,
  "pval": 7.0542955857621478e-05,
  "ci_lb": -1.0668977885122148,
  "ci_ub": -0.36216694612634676,
  "vcov_beta": [
    [0.032321416380571469]
  ],
  "tau_sq": 0.31324353315731474,
  "tau_sd": 0.5596816355369495,
  "log_likelihood": -12.202371415494916
}
